Ref,Val,Package,PosX,PosY,Rot,Side
"C1","1uF","C_0805_2012Metric_Pad1.15x1.40mm_HandSolder",166.500000,-120.520000,90.000000,top
"C2","0.1uF","C_0805_2012Metric_Pad1.15x1.40mm_HandSolder",168.750000,-120.520000,90.000000,top
"C3","1uF","C_0805_2012Metric_Pad1.15x1.40mm_HandSolder",141.422000,-73.316000,90.000000,top
"C4","100uF","C_0805_2012Metric_Pad1.15x1.40mm_HandSolder",137.612000,-70.141000,0.000000,top
"C5","0.1uF","C_0805_2012Metric_Pad1.15x1.40mm_HandSolder",143.250000,-98.770000,90.000000,top
"C6","20pF","C_0805_2012Metric_Pad1.15x1.40mm_HandSolder",155.500000,-108.270000,270.000000,top
"C7","20pF","C_0805_2012Metric_Pad1.15x1.40mm_HandSolder",151.500000,-108.270000,270.000000,top
"C8","0.1uF","C_0805_2012Metric_Pad1.15x1.40mm_HandSolder",159.750000,-116.520000,90.000000,top
"C9","0.1uF","C_0805_2012Metric_Pad1.15x1.40mm_HandSolder",159.750000,-120.520000,90.000000,top
"C10","10uF","C_0805_2012Metric_Pad1.15x1.40mm_HandSolder",123.533000,-70.772000,180.000000,top
"C11","0.1uF","C_0805_2012Metric_Pad1.15x1.40mm_HandSolder",123.921000,-98.392500,0.000000,top
"C12","10uF","C_0805_2012Metric_Pad1.15x1.40mm_HandSolder",123.921000,-100.642500,0.000000,top
"C13","0.1uF","C_0805_2012Metric_Pad1.15x1.40mm_HandSolder",127.750000,-104.020000,0.000000,top
"C14","1uF","C_0805_2012Metric_Pad1.15x1.40mm_HandSolder",165.500000,-123.520000,180.000000,top
"C15","1uF","C_0805_2012Metric_Pad1.15x1.40mm_HandSolder",154.940000,-69.342000,0.000000,top
"C16","1uF","C_0805_2012Metric_Pad1.15x1.40mm_HandSolder",164.338000,-64.770000,90.000000,top
"C17","10uF","C_0805_2012Metric_Pad1.15x1.40mm_HandSolder",156.845000,-73.533000,0.000000,top
"IC1","PCF8523T_1,118","SOIC127P600X175-8N",122.047000,-75.057000,0.000000,top
"J4","USB_B_Micro","USB_Micro-B_Molex-105017-0001",117.250000,-102.201500,270.000000,top
"R1","470","R_0805_2012Metric_Pad1.15x1.40mm_HandSolder",143.750000,-94.020000,180.000000,top
"R2","10k","R_0805_2012Metric_Pad1.15x1.40mm_HandSolder",144.653000,-73.152000,0.000000,top
"R3","10k","R_0805_2012Metric_Pad1.15x1.40mm_HandSolder",128.333500,-70.993000,180.000000,top
"R4","10k","R_0805_2012Metric_Pad1.15x1.40mm_HandSolder",131.445000,-72.199500,90.000000,top
"R5","10k","R_0805_2012Metric_Pad1.15x1.40mm_HandSolder",162.000000,-120.520000,90.000000,top
"R6","10k","R_0805_2012Metric_Pad1.15x1.40mm_HandSolder",164.250000,-120.520000,90.000000,top
"R7","10k","R_0805_2012Metric_Pad1.15x1.40mm_HandSolder",128.333500,-73.088500,180.000000,top
"R8","1k","R_0805_2012Metric_Pad1.15x1.40mm_HandSolder",115.855000,-115.189000,270.000000,top
"R9","1k","R_0805_2012Metric_Pad1.15x1.40mm_HandSolder",120.650000,-115.189000,270.000000,top
"R10","470","R_0805_2012Metric_Pad1.15x1.40mm_HandSolder",149.569000,-80.843000,270.000000,top
"R11","10k","R_0805_2012Metric_Pad1.15x1.40mm_HandSolder",147.029000,-80.843000,270.000000,top
"R12","2k","R_0805_2012Metric_Pad1.15x1.40mm_HandSolder",156.464000,-76.454000,270.000000,top
"R13","13k","R_0805_2012Metric_Pad1.15x1.40mm_HandSolder",153.924000,-76.463000,90.000000,top
"R14","5k","R_0805_2012Metric_Pad1.15x1.40mm_HandSolder",160.655000,-71.374000,0.000000,top
"R15","5k","R_0805_2012Metric_Pad1.15x1.40mm_HandSolder",161.671000,-73.533000,0.000000,top
"U1","MCP1703AT-3302E/CB","SOT-23_Handsoldering",137.612000,-74.586000,270.000000,top
"U2","ATmega328P-AU","TQFP-32_7x7mm_P0.8mm",142.750000,-106.770000,90.000000,top
"U3","FT232RL","SSOP-28_5.3x10.2mm_P0.65mm",127.750000,-110.770000,180.000000,top
"U4","25LC1024-E/SM","SOIJ-8_5.3x5.3mm_P1.27mm",157.250000,-84.020000,0.000000,top
"U5","SN74HC125DR","SOIC-14_3.9x8.7mm_P1.27mm",159.250000,-92.520000,180.000000,top
"U7","MCP3421A0T-ECH","MCP3425",159.512000,-76.454000,0.000000,top
"Y1","F90800021","Crystal_SMD_Abracon_ABM3-2Pin_5.0x3.2mm",153.500000,-112.270000,180.000000,top
"Y2","LFXTAL050789REEL","Crystal_SMD_2012-2Pin_2.0x1.2mm_HandSoldering",117.033000,-73.772000,270.000000,top
